up_name,title,link
徐大sao,做好防护，走出家门，大sao为远方的朋友做了一顿特殊的炸鸡腿,https://www.bilibili.com/video/av87339507
尤超白,教你如何摧毁一段友情,https://www.bilibili.com/video/av87449087
OELoop,【抗肺炎】村长硬核广播trap《贱》,https://www.bilibili.com/video/av85965831
一片叶子YE,每天一遍，防止早恋！,https://www.bilibili.com/video/av86697667
逗比的雀巢,祖 安 司 机,https://www.bilibili.com/video/av86849641
伢伢gagako,☀️进来沐浴阳光！☀️记得给我Thumbs up～【伢伢】韩舞翻跳,https://www.bilibili.com/video/av86962018
国家建筑师Cthuwork,连续爆肝45天用方块还原拜年祭？【火锅城】完美细节还原！,https://www.bilibili.com/video/av86961392
游厨冯马迁,大排档的炒面为什么这么好吃？大厨教你一招，在家炒也一样,https://www.bilibili.com/video/av87205143
观视频工作室,【睡前消息74】李文亮医生去世，我们最愤怒的事是什么？,https://www.bilibili.com/video/av87356962
一本正经的小方,【处处吻】 愣着干嘛 进来白嫖啊,https://www.bilibili.com/video/av82766716
Youtube中文字幕组,终于凑齐了(ಡωಡ),https://www.bilibili.com/video/av86775156
哔哩哔哩弹幕网,【哔哩哔哩2020拜年祭】,https://www.bilibili.com/video/av78976165
长歌与小见见,【主播真会玩八卦篇】110：冠状病毒阴霾下，你记住了哪个瞬间？,https://www.bilibili.com/video/av87169582
反手摸你穷,【中字】邀请真正的黑帮老大来评价《教父》《爱尔兰人》等经典黑帮片,https://www.bilibili.com/video/av86883298
大头大头哥哥,B站就你敢这样弹《处处吻》前方高能，钢琴裁缝又叒叕来了！,https://www.bilibili.com/video/av87262159
温柔JUNZ,搜查十几天，我居然找到了疫情蔓延的原因！？,https://www.bilibili.com/video/av87676920
凉风Kaze,我终于疯了,https://www.bilibili.com/video/av87584316
黑猫XL,喜 羊 羊 删 减 片 段,https://www.bilibili.com/video/av87538245
代号白菜君599,女团腿 去头尾 自用,https://www.bilibili.com/video/av70455264
帕诺雾哒哒,看完这个视频你会爱上数学的！！！,https://www.bilibili.com/video/av86478090
锦城大同教育,高中生物必修一（人教版）视频合集,https://www.bilibili.com/video/av74947403
霞式尖叫,祖 安 圣 歌,https://www.bilibili.com/video/av86897270
食贫道,中国大叔带500个饺子看望俄罗斯流浪汉，差点儿被打？！【北极大宝荐03】,https://www.bilibili.com/video/av87231906
Yuki大力兔,联合国实习了解一下？包教包会，奖学金拿到手软～,https://www.bilibili.com/video/av87453793
无尽の零,我们，鬼畜区，向冠状病毒宣战！,https://www.bilibili.com/video/av86158890
小潮院长,父 慈 子 孝,https://www.bilibili.com/video/av87688949
Thomas-Lee,握 着 我 的 抱 枕,https://www.bilibili.com/video/av86791571
翔翔大作战,泡面吃烦了，小伙在家自制日式照烧鸡腿饭，竟比外卖还好吃,https://www.bilibili.com/video/av87409099
力元君,强迫女友给我拍的MV，你们要看100遍！,https://www.bilibili.com/video/av87663392
纳兹米米米米,一节能把老师逼疯的网课,https://www.bilibili.com/video/av87288112
摩登Mod,【郭老师级】不要笑挑战！！你能坚持不笑吗？？,https://www.bilibili.com/video/av87012107
大洪哦,有多少男的经历过,https://www.bilibili.com/video/av87175930
大祥哥来了,试 吃 异 形,https://www.bilibili.com/video/av86815148
动漫唯美风,【处处吻】你的老婆可太撩了！世界都馋她一吻,https://www.bilibili.com/video/av85792473
-欣小萌-,宅了14天，女子忍不住抖了起来,https://www.bilibili.com/video/av87563436
韩国时尚一哥朴鸣,毛孔粗大？韩国人教你对症下药！,https://www.bilibili.com/video/av86859861
果冻lui,鬼知道我看了几遍 ！火 爆 全 网,https://www.bilibili.com/video/av87366104
渗透之C君,"【C菌】耗时半年, 我终于打通了史上最难恐怖游戏《甜蜜之家》大结局！（实况完结）",https://www.bilibili.com/video/av87524340
苏嘉杭的猫,每个自信心不足的人都该看看这个！,https://www.bilibili.com/video/av86494436
机智的党妹,【党妹】花21万拍视频可以收获什么？翻跳《寄明月》给大家拜年啦！,https://www.bilibili.com/video/av84620989
枪弹轨迹,老公你快说句话呀,https://www.bilibili.com/video/av87646992
姜峰真的苟,【当你兄弟学会了女声】一分钟摧毁兄弟的幸福！你得不到的甜蜜你兄弟也别想得到,https://www.bilibili.com/video/av87057157
兲国神偷,抓到第一个吃野味的怎么办？送他一曲《出山》吧！！！,https://www.bilibili.com/video/av87371060
普鲁士ll,瘦腿课表（美丽芭蕾外侧+内侧+第三套+第四套+美丽芭蕾拉伸）,https://www.bilibili.com/video/av50314054
思齐家厨,他师傅第一次骗他，也是最后一次骗他,https://www.bilibili.com/video/av84446348
一支小暗暗,【神经病式配音】猜 猜 我 是 谁？,https://www.bilibili.com/video/av83701473
一米鸭脖,洛圣都出动！援助武汉！抗击疫情！【GTA5/超燃抗疫MV】,https://www.bilibili.com/video/av87181906
某幻君,【某幻】娜塔莎是个工具人,https://www.bilibili.com/video/av87459476
奶油鸽子精,【卢本伟】处处吻 千万填词在线催泪！,https://www.bilibili.com/video/av86895988
周六野Zoey,快速瘦小腿运动！摆脱萝卜腿让小腿更细长，拉伸小腿【周六野Zoey】,https://www.bilibili.com/video/av8879609
E_CAT,当你发现家里有蜘蛛时,https://www.bilibili.com/video/av86909483
十五的月亮廿九圆,冰块奏鸣曲,https://www.bilibili.com/video/av86535997
v汉良,猫:这是我看着长大的姑娘,https://www.bilibili.com/video/av87010387
带枪小女孩weibo,在床上就可以做的20分钟特快瘦大腿操  2星期内明显见效【Coffee林芊妤】,https://www.bilibili.com/video/av22227629
硬核的半佛仙人,【半佛】东方众神暴打华尔街韭菜。,https://www.bilibili.com/video/av87759510
小艾大叔,【艾叔】陆家嘴8000万，中国企业家的豪宅长什么样,https://www.bilibili.com/video/av84599855
在下酸奶菌,【李云龙】他 娘 不 列,https://www.bilibili.com/video/av87069073
中国BOY超级大猩猩,这个游戏玩的我都不会正常说话了，太鬼畜了！,https://www.bilibili.com/video/av87528097
腾讯综艺,【歌手当打之年】华晨宇燃情唱《寒鸦少年》，一个动作点燃全场,https://www.bilibili.com/video/av87433139
元生塔罗,【元生塔罗】测一生良缘几何，愿有情人终成眷属,https://www.bilibili.com/video/av87452129
无耳老宅,十道题让你怀疑你从没看过《喜羊羊与灰太狼》！,https://www.bilibili.com/video/av87355599
TheKingBomb,一个PVZ老玩家的泪目（PVZ轻松一刻最终期）,https://www.bilibili.com/video/av87254859
徐大虾咯,我再也不玩这个游戏了！！,https://www.bilibili.com/video/av87573677
累的不行的yy,老师网上上课，抽学生回答问题ʅ(´◔౪◔)ʃ，然后尴尬了,https://www.bilibili.com/video/av26600941
俊孩玄晔,让你笑到岔气的漫威中文梗！,https://www.bilibili.com/video/av87426710
芒果冰OL,【中国网游史】炒了马化腾鱿鱼却依旧没能逃脱腾讯魔爪，国产第一MOBA游戏的宿命,https://www.bilibili.com/video/av87472251
废柴家里蹲,【更新1p，告别蝴蝶袖】美丽芭蕾 天鹅臂 累断手,https://www.bilibili.com/video/av3534854
二喵的饭,花季少女竟成宠粉狂魔!?又跳又唱这谁顶得,https://www.bilibili.com/video/av87178951
雨哥到处跑,在女朋友懒人沙发里塞满100个尖叫鸡，她坐上去之后...,https://www.bilibili.com/video/av87122351
抽象TV短视频精选,长    寿    秘    诀,https://www.bilibili.com/video/av86966813
水上青风,魔幻开年的2020才过30几天？70万蝙蝠入侵城市、澳洲山火，菲律宾火山爆发，加拿大暴雪..........,https://www.bilibili.com/video/av87465154
zettaranc,情人节，男生都想要的5个礼物！,https://www.bilibili.com/video/av87448943
黑山大叔,一个中年大叔人90天掏空地狱，肝不好只能这么慢...-Minecraft1.14红石生存,https://www.bilibili.com/video/av87187189
绵羊料理,宅家7天，试做失传100多年的宫廷菜，把肉塞进豆芽里！,https://www.bilibili.com/video/av86915106
小小小小盒子min,有一天你杀了人，你朋友会怎么做,https://www.bilibili.com/video/av86930000
金色传说竹鼠,【蔡徐坤】仙剑鸡侠传,https://www.bilibili.com/video/av86208216
黑色蝌蚪君,【崩坏三】对  王  之  王  八  重  樱,https://www.bilibili.com/video/av86902105
白感猫,平✊凡✊之✊路,https://www.bilibili.com/video/av87161545
流河之地,建 议 改 成：祖   安   熊   二,https://www.bilibili.com/video/av87144668
今年欧冠得主是拜仁,【催泪】妈妈用VR技术再跟女儿见一次面 转自油管 韩国MBC,https://www.bilibili.com/video/av87562436
一点爱送温暖,90岁老奶奶的无奈，眼睛还瞎掉一只，村里连理发店都没有,https://www.bilibili.com/video/av87065141
红豆稀饭中,【家有儿女】家有骚话！蝙蝠炖汤，棺材反光,https://www.bilibili.com/video/av86154367
冰糖葫芦没放盐,【沙雕动画】因为，我是医生,https://www.bilibili.com/video/av86244658
射程之内皆为真理,1995年的人民预言21世纪的中国是什么样子,https://www.bilibili.com/video/av86953773
史蒂芬周大反派丶,它比173更恐怖！告诉你这个怪物有多强！高分英剧《神秘博士》剧情解读！,https://www.bilibili.com/video/av87067414
我是郭杰瑞,新冠肺炎｜实拍美国物资捐赠过程，海外华人留学生让人感动！,https://www.bilibili.com/video/av87458772
鹿尧River,东北人不大吃野味的原因,https://www.bilibili.com/video/av87143199
XweetokDD,【MC建筑】在山上开洞造房~ 面朝雪景 满屋温馨,https://www.bilibili.com/video/av86720995
葡萄的叮当猫,LOL聊天框指令大全：共22条，真的能暂停游戏！（含冷门的科普向）,https://www.bilibili.com/video/av87340068
pll25586,【中字】Ballet Beautiful 美丽芭蕾第三套  瘦腿提臀,https://www.bilibili.com/video/av4489689
阿里达摩院扫地僧,拼！高三学霸爬屋顶蹭网上课，这位屋顶男孩火了！,https://www.bilibili.com/video/av87084030
肥宅雪橇,龙    王,https://www.bilibili.com/video/av83815747
老番茄,【老番茄】史上最憨训练师(第三集),https://www.bilibili.com/video/av86550398
咸鱼蘸酱油,我在网课上给老师刷了个火箭...,https://www.bilibili.com/video/av86831255
惜缘、过去,【丞相司徒】处处吻,https://www.bilibili.com/video/av85887656
烟季,当她裙里拔枪那一刻！！世界：我赌你的枪里没有子弹！,https://www.bilibili.com/video/av83697364
修2,【蔡徐坤】处处吻,https://www.bilibili.com/video/av87333728
来一个荷包蛋,【芦苇公寓5】第一集 大力の相遇,https://www.bilibili.com/video/av87208201
记录生活的蛋黄派,小伙自制大排档同款凉拌皮蛋，鲜辣爽口一整盘都能吃完！,https://www.bilibili.com/video/av87542807
芳斯塔芙,【鬼谷闲谈】蝙蝠：我们仍未知道那天蝙蝠是怎么起飞的,https://www.bilibili.com/video/av87348230