up_name,title,link
徐大sao,做好防护，走出家门，大sao为远方的朋友做了一顿特殊的炸鸡腿,https://www.bilibili.com/video/av87339507
温柔JUNZ,搜查十几天，我居然找到了疫情蔓延的原因！？,https://www.bilibili.com/video/av87676920
尤超白,教你如何摧毁一段友情,https://www.bilibili.com/video/av87449087
一片叶子YE,每天一遍，防止早恋！,https://www.bilibili.com/video/av86697667
兲国神偷,抓到第一个吃野味的怎么办？送他一曲《出山》吧！！！,https://www.bilibili.com/video/av87371060
OELoop,【抗肺炎】村长硬核广播trap《贱》,https://www.bilibili.com/video/av85965831
伢伢gagako,☀️进来沐浴阳光！☀️记得给我Thumbs up～【伢伢】韩舞翻跳,https://www.bilibili.com/video/av86962018
黑猫XL,喜 羊 羊 删 减 片 段,https://www.bilibili.com/video/av87538245
枪弹轨迹,老公你快说句话呀,https://www.bilibili.com/video/av87646992
凉风Kaze,我终于疯了,https://www.bilibili.com/video/av87584316
小潮院长,父 慈 子 孝,https://www.bilibili.com/video/av87688949
大头大头哥哥,B站就你敢这样弹《处处吻》前方高能，钢琴裁缝又叒叕来了！,https://www.bilibili.com/video/av87262159
观视频工作室,【睡前消息74】李文亮医生去世，我们最愤怒的事是什么？,https://www.bilibili.com/video/av87356962
硬核的半佛仙人,【半佛】东方众神暴打华尔街韭菜。,https://www.bilibili.com/video/av87759510
一本正经的小方,【处处吻】 愣着干嘛 进来白嫖啊,https://www.bilibili.com/video/av82766716
Yuki大力兔,联合国实习了解一下？包教包会，奖学金拿到手软～,https://www.bilibili.com/video/av87453793
游厨冯马迁,大排档的炒面为什么这么好吃？大厨教你一招，在家炒也一样,https://www.bilibili.com/video/av87205143
代号白菜君599,女团腿 去头尾 自用,https://www.bilibili.com/video/av70455264
力元君,强迫女友给我拍的MV，你们要看100遍！,https://www.bilibili.com/video/av87663392
今年欧冠得主是拜仁,【催泪】妈妈用VR技术再跟女儿见一次面 转自油管 韩国MBC,https://www.bilibili.com/video/av87562436
纳兹米米米米,一节能把老师逼疯的网课,https://www.bilibili.com/video/av87288112
哔哩哔哩弹幕网,【哔哩哔哩2020拜年祭】,https://www.bilibili.com/video/av78976165
-欣小萌-,宅了14天，女子忍不住抖了起来,https://www.bilibili.com/video/av87563436
元生塔罗,【元生塔罗】测一生良缘几何，愿有情人终成眷属,https://www.bilibili.com/video/av87452129
反手摸你穷,【中字】邀请真正的黑帮老大来评价《教父》《爱尔兰人》等经典黑帮片,https://www.bilibili.com/video/av86883298
渗透之C君,"【C菌】耗时半年, 我终于打通了史上最难恐怖游戏《甜蜜之家》大结局！（实况完结）",https://www.bilibili.com/video/av87524340
翔翔大作战,泡面吃烦了，小伙在家自制日式照烧鸡腿饭，竟比外卖还好吃,https://www.bilibili.com/video/av87409099
小小小小盒子min,有一天你杀了人，你朋友会怎么做,https://www.bilibili.com/video/av86930000
yy渔鱼,南昌人去日本不用带翻译,https://www.bilibili.com/video/av87710276
果冻lui,鬼知道我看了几遍 ！火 爆 全 网,https://www.bilibili.com/video/av87366104
俊孩玄晔,让你笑到岔气的漫威中文梗！,https://www.bilibili.com/video/av87426710
TECHO_Media,【学生禁入】抄 作 业 技 巧,https://www.bilibili.com/video/av87409493
大洪哦,有多少男的经历过,https://www.bilibili.com/video/av87175930
NathanRich火锅大王,新冠肺炎疫情：李文亮医生之死的真相,https://www.bilibili.com/video/av87786609
考拉な菌,火爆全网《印度的奶》，鬼知道我抖了几遍,https://www.bilibili.com/video/av87815910
韩国时尚一哥朴鸣,毛孔粗大？韩国人教你对症下药！,https://www.bilibili.com/video/av86859861
水上青风,魔幻开年的2020才过30几天？70万蝙蝠入侵城市、澳洲山火，菲律宾火山爆发，加拿大暴雪..........,https://www.bilibili.com/video/av87465154
一米鸭脖,洛圣都出动！援助武汉！抗击疫情！【GTA5/超燃抗疫MV】,https://www.bilibili.com/video/av87181906
某幻君,【某幻】娜塔莎是个工具人,https://www.bilibili.com/video/av87459476
v汉良,猫:这是我看着长大的姑娘,https://www.bilibili.com/video/av87010387
啊吗粽,没疯！在家叫陪玩 我还能再宅14天！,https://www.bilibili.com/video/av87901269
逗比的雀巢,祖 安 司 机,https://www.bilibili.com/video/av86849641
腾讯综艺,【歌手当打之年】华晨宇燃情唱《寒鸦少年》，一个动作点燃全场,https://www.bilibili.com/video/av87433139
摩登Mod,【郭老师级】不要笑挑战！！你能坚持不笑吗？？,https://www.bilibili.com/video/av87012107
毅斯不苟,全网最能杠的两个人，对喷了整整三年,https://www.bilibili.com/video/av87734631
锦城大同教育,高中生物必修一（人教版）视频合集,https://www.bilibili.com/video/av74947403
无耳老宅,十道题让你怀疑你从没看过《喜羊羊与灰太狼》！,https://www.bilibili.com/video/av87355599
毫无人性的大麦纸,放假太无聊！我不用工具挖空了整座岛！【纪元史记01】,https://www.bilibili.com/video/av87469370
-柠萌菌-,龙 王 危,https://www.bilibili.com/video/av87678294
普鲁士ll,瘦腿课表（美丽芭蕾外侧+内侧+第三套+第四套+美丽芭蕾拉伸）,https://www.bilibili.com/video/av50314054
无尽の零,我们，鬼畜区，向冠状病毒宣战！,https://www.bilibili.com/video/av86158890
动漫唯美风,【处处吻】你的老婆可太撩了！世界都馋她一吻,https://www.bilibili.com/video/av85792473
濮阳市雷雨网络科技有限公司,遭大V质疑！韩红，你到底动了谁的奶酪？,https://www.bilibili.com/video/av87547686
累的不行的yy,老师网上上课，抽学生回答问题ʅ(´◔౪◔)ʃ，然后尴尬了,https://www.bilibili.com/video/av26600941
朱一旦的枯燥生活,【朱一旦】141 这次，我真的只想当个好人！,https://www.bilibili.com/video/av88038773
巴卡咔吧咔咔吧咔,带你们一步一步把周杰伦变土，土味翻唱土 里 香,https://www.bilibili.com/video/av87449541
晏策去月光林地了,火 力 撤 硕 王（特效向）,https://www.bilibili.com/video/av87664378
中国BOY超级大猩猩,这个游戏玩的我都不会正常说话了，太鬼畜了！,https://www.bilibili.com/video/av87528097
周六野Zoey,快速瘦小腿运动！摆脱萝卜腿让小腿更细长，拉伸小腿【周六野Zoey】,https://www.bilibili.com/video/av8879609
徐大虾咯,我再也不玩这个游戏了！！,https://www.bilibili.com/video/av87573677
年方两万八,【华妃X甄嬛】高能|脑洞|拱手河山换不回你,https://www.bilibili.com/video/av87484344
食贫道,中国大叔带500个饺子看望俄罗斯流浪汉，差点儿被打？！【北极大宝荐03】,https://www.bilibili.com/video/av87231906
芒果冰OL,【中国网游史】炒了马化腾鱿鱼却依旧没能逃脱腾讯魔爪，国产第一MOBA游戏的宿命,https://www.bilibili.com/video/av87472251
一支小暗暗,【神经病式配音】猜 猜 我 是 谁？,https://www.bilibili.com/video/av83701473
怕上火暴王老菊,王老菊教你全家种树,https://www.bilibili.com/video/av87861868
帕诺雾哒哒,看完这个视频你会爱上数学的！！！,https://www.bilibili.com/video/av86478090
雪饼夫斯基,克罗地亚狂想曲（冰块版）,https://www.bilibili.com/video/av87578693
带枪小女孩weibo,在床上就可以做的20分钟特快瘦大腿操  2星期内明显见效【Coffee林芊妤】,https://www.bilibili.com/video/av22227629
damon12121,爸爸你信不信我能蹦到你那里,https://www.bilibili.com/video/av87304763
废柴家里蹲,【更新1p，告别蝴蝶袖】美丽芭蕾 天鹅臂 累断手,https://www.bilibili.com/video/av3534854
土豆の大魔王,就你TM叫ADC？,https://www.bilibili.com/video/av87687756
Youtube中文字幕组,终于凑齐了(ಡωಡ),https://www.bilibili.com/video/av86775156
文不叮,21天！告别假胯宽 解锁一字马｜拯救硬身板女孩,https://www.bilibili.com/video/av87578005
阿刘_MasterLiu,人类迷惑行为大赏！钉钉直播课着实没眼看！,https://www.bilibili.com/video/av87321083
机智的党妹,【党妹】花21万拍视频可以收获什么？翻跳《寄明月》给大家拜年啦！,https://www.bilibili.com/video/av84620989
Thomas-Lee,握 着 我 的 抱 枕,https://www.bilibili.com/video/av86791571
zettaranc,情人节，男生都想要的5个礼物！,https://www.bilibili.com/video/av87448943
修2,【蔡徐坤】处处吻,https://www.bilibili.com/video/av87333728
记录生活的蛋黄派,小伙自制大排档同款凉拌皮蛋，鲜辣爽口一整盘都能吃完！,https://www.bilibili.com/video/av87542807
阿斗归来了,【阿斗】IMDb排名第7！史诗的终章！详细解说《指环王3王者归来》一个时代结束了,https://www.bilibili.com/video/av87812131
给小獭买小鱼干,用VR技术见到去世三年的女儿｜VR Human Documentary,https://www.bilibili.com/video/av87406496
抗白六代目,不知不觉撑过了7次化疗，医生说下次骨穿结果好的话以后或许不用再做了。希望如此吧！也希望疫情早日平息！FIGHTING！,https://www.bilibili.com/video/av87564619
水无月菌,我的箭将会贯穿你【水无月菌】,https://www.bilibili.com/video/av87522416
小艾大叔,【艾叔】陆家嘴8000万，中国企业家的豪宅长什么样,https://www.bilibili.com/video/av84599855
有马贵皮,当你尝试握住狗嘴时,https://www.bilibili.com/video/av87472462
手工耿,洗衣机在家很闷，改装一下出去溜溜,https://www.bilibili.com/video/av87935208
霞式尖叫,祖 安 圣 歌,https://www.bilibili.com/video/av86897270
若浪云溪,【处处吻 / 徐晔】28岁医学博士，帅到病人成为粉丝,https://www.bilibili.com/video/av87312373
姜峰真的苟,【当你兄弟学会了女声】一分钟摧毁兄弟的幸福！你得不到的甜蜜你兄弟也别想得到,https://www.bilibili.com/video/av87057157
思齐家厨,他师傅第一次骗他，也是最后一次骗他,https://www.bilibili.com/video/av84446348
我是郭杰瑞,新冠肺炎｜实拍美国物资捐赠过程，海外华人留学生让人感动！,https://www.bilibili.com/video/av87458772
大祥哥来了,试 吃 异 形,https://www.bilibili.com/video/av86815148
二喵的饭,一箩筐炸鸡！肯德基卖100块，自己做竟然只要…,https://www.bilibili.com/video/av87897964
金色传说竹鼠,【蔡徐坤】仙剑鸡侠传,https://www.bilibili.com/video/av86208216
up主是超超,从中学玩到大学毕业的《我的世界》存档,https://www.bilibili.com/video/av87176498
pll25586,【中字】Ballet Beautiful 美丽芭蕾第三套  瘦腿提臀,https://www.bilibili.com/video/av4489689
红豆稀饭中,【家有儿女】家有骚话！蝙蝠炖汤，棺材反光,https://www.bilibili.com/video/av86154367
惜缘、过去,【丞相司徒】处处吻,https://www.bilibili.com/video/av85887656
来一个荷包蛋,【芦苇公寓5】第一集 大力の相遇,https://www.bilibili.com/video/av87208201
白感猫,平✊凡✊之✊路,https://www.bilibili.com/video/av87161545
